mysql> select user_id, salary from emp where gender = "Female";
+---------+----------+
| user_id | salary   |
+---------+----------+
|       1 |   250000 |
|       3 |   170000 |
|       8 |     9000 |
|       9 |    61500 |
|      10 |   650000 |
|      11 |   250000 |
|      16 |    87000 |
|      17 |   930000 |
|      18 |  7900000 |
|      24 |     6000 |
|      25 |     8900 |
|      26 |    20000 |
|      28 | 10000000 |
|      29 |  5000000 |
|      30 |     6100 |
|      33 |  1540000 |
|      34 |  9300000 |
+---------+----------+
17 rows in set (0.00 sec)

mysql> select * from project where name like "%x";
+----+-----------+
| id | name      |
+----+-----------+
|  1 | projectx  |
|  2 | missionzx |
+----+-----------+
2 rows in set (0.00 sec)

mysql> select project, count(user_id), gender from emp group by project,gender;
+---------+----------------+--------+
| project | count(user_id) | gender |
+---------+----------------+--------+
|       1 |             14 | Female |
|       1 |             14 | Male   |
|       2 |              1 | Male   |
|       4 |              2 | Male   |
|       5 |              1 | Female |
|       3 |              2 | Female |
|       3 |              1 | Male   |
+---------+----------------+--------+
7 rows in set (0.00 sec)

mysql> select * from emp;
+---------+------------+------+--------+----------+---------+
| user_id | experience | age  | gender | salary   | project |
+---------+------------+------+--------+----------+---------+
|       1 |          5 |   28 | Female |   250000 |       1 |
|       2 |          1 |   21 | Male   |    50000 |       1 |
|       3 |          3 |   23 | Female |   170000 |       1 |
|       4 |          2 |   22 | Male   |    25000 |       2 |
|       5 |          1 |   17 | Male   |    10000 |       1 |
|       6 |         25 |   62 | Male   |  5001000 |       4 |
|       8 |          2 |   21 | Female |     9000 |       1 |
|       9 |         10 |   36 | Female |    61500 |       5 |
|      10 |         15 |   54 | Female |   650000 |       1 |
|      11 |          4 |   26 | Female |   250000 |       1 |
|      12 |          6 |   29 | Male   |  1400000 |       1 |
|      13 |         14 |   39 | Male   |  6000050 |       1 |
|      14 |         11 |   40 | Male   |   220100 |       1 |
|      15 |          2 |   23 | Male   |     7500 |       1 |
|      16 |          4 |   27 | Female |    87000 |       1 |
|      17 |         10 |   34 | Female |   930000 |       1 |
|      18 |         15 |   54 | Female |  7900000 |       1 |
|      19 |          2 |   21 | Male   |    15000 |       1 |
|      20 |         10 |   36 | Male   |   330000 |       4 |
|      21 |         15 |   54 | Male   |  6570000 |       1 |
|      22 |          4 |   26 | Male   |    25000 |       1 |
|      23 |          5 |   29 | Male   |  6845000 |       1 |
|      24 |          1 |   21 | Female |     6000 |       1 |
|      25 |          4 |   23 | Female |     8900 |       1 |
|      26 |          3 |   22 | Female |    20000 |       3 |
|      27 |          1 |   18 | Male   |     3000 |       1 |
|      28 |         27 |   62 | Female | 10000000 |       1 |
|      29 |         19 |   54 | Female |  5000000 |       3 |
|      30 |          2 |   21 | Female |     6100 |       1 |
|      31 |         10 |   34 | Male   |    80000 |       1 |
|      32 |         15 |   54 | Male   |   900000 |       1 |
|      33 |         20 |   55 | Female |  1540000 |       1 |
|      34 |         19 |   53 | Female |  9300000 |       1 |
|      35 |         16 |   49 | Male   |  7600000 |       1 |
|      36 |         20 |   44 | Male   |    10000 |       3 |
+---------+------------+------+--------+----------+---------+
35 rows in set (0.00 sec)

mysql> select count(user_id) from emp 
    -> where age>70;
+----------------+
| count(user_id) |
+----------------+
|              0 |
+----------------+
1 row in set (0.00 sec)

mysql> select count(user_id) from emp 
    -> where age>17;
+----------------+
| count(user_id) |
+----------------+
|             34 |
+----------------+
1 row in set (0.00 sec)

mysql> Terminal close -- exit!
